[
   {
      "sections":[
         {
            "name":"Interstellar(星際效應)",
            "picturesImageName":[
               "star2",
               "star2",
               "star3",
               "star3"
            ]
         }

      ],
      "imageName":"star2",
      "name":"Interstellar",
      "description":"Earth's future has been riddled by disasters, famines, and droughts. There is only one way to ensure mankind's survival: Interstellar travel. A newly discovered wormhole in the far reaches of our solar system allows a team of astronauts to go where no man has gone before, a planet that may have the right environment to sustain human life. Written by ahmetkozan",
      "shortDescription":"Director:Christopher Nolan\nWriters: Jonathan Nolan, Christopher Nolan\nStars: Matthew McConaughey, Anne Hathaway, Jessica Chastain"
   }
  
]
